Email,Username,Password,AccountType,CreationDate,AccountStatus,Bio
kingtut10101@gmail.com,KINGTUT10101,password,admin,2020-1-1 00:00:00,active,"Lorem Ipsum is simply dummy text of the printing and typesetting industry. Lorem Ipsum has been the industry's standard dummy text ever since the 1500s, when an unknown printer took a galley of type and scrambled it to make a type specimen book. It has survived not only five centuries, but also the leap into electronic typesetting, remaining essentially unchanged. It was popularised in the 1960s with the release of Letraset sheets containing Lorem Ipsum passages, and more recently with desktop publishing software like Aldus PageMaker including versions of Lorem Ipsum."
8pp8413@gmail.com,oppo266,password50!,standard,2023-6-7 2:22:22,active,I love magma so much. You peons cannot comprehend such beautiful and pure love. I pity you :(
chrismas@aol.com,I<3Jesus,abc123,standard,2022-12-25 0:00:00,restricted,"May the God of hope fill you with all joy and peace as you trust in him, so that you may overflow with hope by the power of the Holy Spirit. - Romans 15:13"
HappyFriction@yahoo.com,HappyFriction,DqtP*7626?F,standard,2020-10-31 20:27:50,active,Donkey holiday health brainy scene geese crowded tough. Smoggy dizzy pear difficult honey arrogant.
RepulsiveScent@yahoo.com,RepulsiveScent,AdjU*5980@L,standard,2020-12-15 23:07:55,active,Important sidewalk apple cellar airplane annoyed clean orange. Beggar difficult border fragile smoggy jello.
ThankfulGiraffe@yahoo.com,ThankfulGiraffe,EsqS+8239?P,standard,2022-08-18 08:03:45,active,Afterthought actor handsome uptight language foolish energetic feather. Nasty distinct territory picture icicle lumber.
UnusualStage@yahoo.com,UnusualStage,VcgR*4792@J,standard,2020-06-03 18:20:20,active,Boy governor puzzled helpful sheet wild smoggy hobbies. Reward birthday lamp angry dizzy pollution.
GloriousHealth@yahoo.com,GloriousHealth,GdkX+9713@K,standard,2022-03-20 09:14:31,restricted,Cobweb sore defiant helpless veil lettuce suit bubble. Lucky cloudy cute jeans actor fierce.
TenderMonth@yahoo.com,TenderMonth,GivQ+3430?B,admin,2022-04-18 00:54:04,active,Grumpy wilderness determined enthusiastic fancy homeless rainstorm ashamed. Stage locket beef helpless easy jealous.
HomelyScene@gmail.com,HomelyScene,YttX+5564@O,standard,2022-08-14 23:22:53,active,Vein angry excited victorious relieved railway bucket stage. Cheerful goldfish nutty toothbrush cannon blue.
CleverHeart@yahoo.com,CleverHeart,JxqA+6823?M,standard,2022-03-19 18:42:37,active,Railway cast panicky outstanding hobbies honey fierce crate. Modern worrisome lovely anxious passenger frail.
PreciousRoute@yahoo.com,PreciousRoute,XkcL*8993@N,standard,2020-12-06 15:58:32,active,Music earthquake marble temper important visitor encouraging faucet. Vegetable filthy creepy partner voyage drug.
EasyMountain@yahoo.com,EasyMountain,NaxG*4388?K,standard,2023-09-25 17:33:56,active,Thoughtful believe scarf aggressive tense nasty stupid funny. Stream thrill creature cable cast clean.
VictoriousBrain@yahoo.com,VictoriousBrain,QzgE*8586?K,standard,2020-07-07 11:26:40,active,Stage comfortable innocent cheerful lawyer answer fantastic drab. Blushing disturbed tired battle guide elegant.
DelightfulCoast@gmail.com,DelightfulCoast,GlrA+9499@I,standard,2020-06-06 08:33:05,active,Blushing selfish blushing ill mailbox ashamed fine patch. Border police sidewalk music smiling zany.
JollyBasketball@yahoo.com,JollyBasketball,LwaW*2643@B,standard,2022-05-22 19:45:59,active,Long zany dangerous jello rifle wandering cent motionless. Cattle treatment cloth galley healthy putrid.
PerfectVoyage@yahoo.com,PerfectVoyage,MyzC+6810@N,standard,2023-03-01 12:10:34,active,Alert crowded tough creator determined lamp obnoxious charming. Breakfast depressed gorgeous suit strange cactus.
PricklyCelery@yahoo.com,PricklyCelery,XppC*6425?T,standard,2020-05-25 22:24:01,active,Motionless lonely tired good pear dull fifth coast. Badge clever poor goldfish tasty hungry.
UnsightlyGate@gmail.com,UnsightlyGate,BbuT+7828?N,standard,2021-08-22 07:53:13,active,Zealous breakable throat elated light creature elegant ocean. Unusual cellar basket stupid flock actor.
FaithfulGalley@gmail.com,FaithfulGalley,SrwR+3959?T,standard,2020-01-17 08:06:01,active,Cute poison important tense voyage birthday street magic. Afterthought combative elated cast ladybug magnificent.
AmusedFlock@gmail.com,AmusedFlock,WoaL*6912@S,admin,2021-01-17 02:28:10,active,Annoying throne stream throne long grain throat hilarious. Furniture worried long wilderness activity finger.
FaithfulGrain@gmail.com,FaithfulGrain,UhnA+6347?A,standard,2021-01-24 09:05:17,banned,Combative thoughtless airplane concerned embarrassed reward modern stranger. Frantic treatment precious nasty agreeable plane.
WickedOcean@yahoo.com,WickedOcean,UocI+1586@I,standard,2020-06-29 07:52:33,active,Giraffe grotesque tough victorious enchanting jello green thread. Money tired terrible sidewalk quicksand kind.
StupidCherries@gmail.com,StupidCherries,ShdM*7399?Q,standard,2020-10-29 15:42:13,active,Outstanding street riddle partner treatment suit agreeable anger. Bad sidewalk witty strange wilderness drab.
AnxiousAppliance@gmail.com,AnxiousAppliance,IscB*6940@F,standard,2021-05-23 09:04:13,active,Blue nasty boundary cellar fifth laborer grieving territory. Throat hungry ocean apparel misty encouraging.
UptightWrench@yahoo.com,UptightWrench,KmxA*8041@A,standard,2022-10-05 05:00:35,active,Temper quaint sweater battle temper mountain toothbrush partner. Pleasure pest happy ladybug wilderness mitten.
ObnoxiousAirport@gmail.com,ObnoxiousAirport,JlaV+3141@Q,standard,2022-10-19 22:59:04,active,Easy circle brush troubled upset pleasure clever aftermath. Friendly earthquake light vivacious worried beautiful.
ConfusedAppliance@yahoo.com,ConfusedAppliance,OahO*3386?A,standard,2020-06-16 20:54:11,active,Treatment throne obnoxious gate orange believe kitten stream. Boat fair partner creature combative dizzy.
EvilPassenger@gmail.com,EvilPassenger,LzeU+3070?Q,standard,2021-10-04 01:15:12,active,Boat dull pleasure patch ghost ashamed hobbies faucet. Skate bright rifle lawyer activity feather.
GoodMountain@yahoo.com,GoodMountain,IfaU*7936?C,standard,2023-09-03 00:25:56,active,Zany toothbrush scent distinct elegant faithful disgusted dark. Money cactus defiant brainy scent elbow.
PuzzledIsland@yahoo.com,PuzzledIsland,XucB*4325@F,standard,2023-11-14 13:24:01,active,Lawyer weather thoughtless goldfish tired worried orange ill. Uptight advice confused repulsive handsome birthday.
HilariousGhost@yahoo.com,HilariousGhost,MwoM*6926?Y,standard,2023-01-25 23:37:44,active,Boundary crazy thoughtless jolly pleasant calm annoying hot. Answer unusual ghost lovely concerned dangerous.
NaughtyMailbox@yahoo.com,NaughtyMailbox,MkkC*999?V,admin,2020-12-06 17:49:22,active,Ladybug demon hurt glorious proud advice super repulsive. Brainy battle volleyball guitar stage hungry.
BewilderedHaircut@gmail.com,BewilderedHaircut,VseV+5395?F,standard,2020-09-29 01:38:57,active,Fantastic lawyer calendar determined fragile pear pollution cemetery. Pancake crate gate wealth suit open.
PreciousPlane@gmail.com,PreciousPlane,MbhO*7176@F,standard,2021-09-09 20:49:42,active,Zealous cherry victorious frame border unusual island fragile. Ugliest apple army enchanting throne frightened.
TroubledBoat@yahoo.com,TroubledBoat,ZisB+4940?D,standard,2020-12-13 10:38:44,active,Tense lumber fireman queen actor wicked elbow dinner. Horrible thoughtless victorious defeated poor face.
ClumsyEducation@yahoo.com,ClumsyEducation,FkyF*8962@Q,standard,2022-09-11 00:14:32,active,Station arithmetic worried zealous mushy calendar kind important. Underwear wood jellyfish disturbed crazy envious.
DisturbedSheet@gmail.com,DisturbedSheet,QfdX*904?K,standard,2021-03-25 15:15:57,restricted,Long dizzy clean holiday badge ill eggnog different. Dinner bomb daughter delightful wicked squirrel.
GrumpyBucket@gmail.com,GrumpyBucket,VqlT*3687?U,standard,2020-09-04 13:27:26,active,Scarf badge cream vein fragile strange relieved year. Homeless wrong unusual grumpy turkey modern.
EnviousArmy@gmail.com,EnviousArmy,DzcK*5969@N,standard,2021-10-04 11:10:32,active,Enthusiastic lace misty brainy quicksand zany average wealth. Light advice patch thankful wood relieved.
ProudHydrant@gmail.com,ProudHydrant,LbzY+8027@G,standard,2022-10-14 08:21:15,active,Selfish friction brain aggressive fuel cloth cherry worried. Selfish shy year quilt anger thrill.
HurtScene@gmail.com,HurtScene,HqtF*3445@A,standard,2023-06-22 03:52:02,active,Dinner annoying adorable island busy beetle weather nervous. Combative drug rifle evil red outrageous.
CrowdedCent@gmail.com,CrowdedCent,RpeS*5397@B,standard,2023-10-19 06:27:55,active,Ghost hope pleasant confused plane airplane pail fancy. Bloody tame donkey education homely unusual.
UninterestedArmy@gmail.com,UninterestedArmy,FopV+3230@K,standard,2022-01-02 12:07:08,active,Guide purple blue splendid cast jello airplane expensive. Kitten ill amused proud grotesque sidewalk.
JoyousButter@yahoo.com,JoyousButter,GnwE*1371?A,standard,2020-11-29 02:45:53,active,Lace ugliest scale glove mysterious obedient plane vegetable. Thankful doubtful army difficult locket energetic.
DizzyBelieve@gmail.com,DizzyBelieve,JnzM*3286?N,admin,2020-04-14 04:21:54,active,Blue birthday disturbed worried flavor vast wealth minister. Lawyer coil important charming year baseball.
MotionlessStage@yahoo.com,MotionlessStage,WwqR*3933@R,standard,2022-08-29 08:15:42,active,Proud feather locket victorious combative toothbrush toothpaste jello. Helpful homeless lumber throat gifted ghost.
LuckyGoose@gmail.com,LuckyGoose,KtbI+4834@O,standard,2023-11-04 08:15:45,active,Eggnog underwear laborer beggar cobweb vegetable terrible faithful. Border proud joyous elated powerful handsome.
AnnoyingHoney@gmail.com,AnnoyingHoney,FxrJ+2204?G,standard,2023-06-15 09:20:08,banned,Wicked envious guide year beautiful blue advice hungry. Open better anger frightened clumsy dark.
HealthyStation@yahoo.com,HealthyStation,KjtG*3947?F,standard,2021-09-18 06:31:17,active,Comfortable holiday coast sheet pleasure confused quilt charming. Worrisome gentle celery passenger acoustics flavor.
FunnyHoliday@yahoo.com,FunnyHoliday,LjvL+7888@J,standard,2020-02-25 00:59:19,restricted,Encouraging daughter fireman wicked prickly hobbies marble lucky. Street doubtful depressed worrisome orange glamorous.
LonelySeashore@yahoo.com,LonelySeashore,PyfT+5217@L,standard,2020-04-01 04:43:06,active,Vacation dinner cloudy gifted curious cemetery important throat. Inexpensive hair visitor geese average scarf.
GreenStation@yahoo.com,GreenStation,BiqM*3813?C,standard,2020-05-22 05:58:48,active,Famous agreeable crate careful toothbrush creepy afterthought awful. Creature agreeable lettuce distinct fruit activity.
PerfectDinner@gmail.com,PerfectDinner,XgnZ*3637@P,standard,2021-02-16 13:52:15,active,Grumpy cherry throne mushy answer bushes alert finger. Wrong arithmetic important quicksand drab donkey.
PerfectAdvice@gmail.com,PerfectAdvice,LijY*5166@S,standard,2021-11-10 00:09:16,active,Light witty twig police muddy border panicky answer. Quicksand frame nutty north cactus sleepy.
EvilAirplane@gmail.com,EvilAirplane,ZtmG+1248?J,standard,2022-01-31 22:11:00,active,Comfortable baseball border homeless toothbrush stupid wrench butter. Lamp poised anger creepy rainstorm voyage.
ZealousHeart@yahoo.com,ZealousHeart,NrrB+8695@J,standard,2021-01-03 12:06:05,restricted,Talented alert mitten jeans plain beggar fuel curious. Zany delightful street minister minister obnoxious.
RelievedPleasure@gmail.com,RelievedPleasure,PozR*7811@H,standard,2021-09-19 05:30:29,banned,Enthusiastic alert odd red spotless seashore obnoxious precious. Seashore dizzy victorious acoustics famous clever.
SplendidHeart@gmail.com,SplendidHeart,GpuO*6600?G,standard,2022-11-01 00:24:48,active,Minister gentle turkey wren texture wrist boat cooperative. Partner kitten powerful answer blue perfect.
ShyIdea@gmail.com,ShyIdea,HkmD+9069?A,standard,2021-04-21 15:29:53,active,Income giraffe passenger good elated modern arrogant elbow. Hot motionless judge rainstorm tender different.
StrangePatch@yahoo.com,StrangePatch,EjaC*9986@R,standard,2021-12-11 15:06:16,banned,Kind locket answer bright reward quicksand dull orange. Lace queen cellar alive handsome quicksand.
PricklyMoney@yahoo.com,PricklyMoney,NptM+2431@T,standard,2021-04-30 22:29:11,active,Hobbies fair comfortable sheet silly evil education boat. Rifle ugliest weather hydrant silly encouraging.
AttractiveTitle@yahoo.com,AttractiveTitle,LduI*413@T,standard,2021-06-11 12:21:42,active,Uptight dangerous defiant basket governor sleepy apparel drug. Believe hungry railway creepy honey appliance.
ExcitedBeast@yahoo.com,ExcitedBeast,KujB*5773@Q,admin,2022-03-26 20:43:05,active,Beautiful island tough calendar caption income guide fierce. Naughty tasty bomb answer breakfast attractive.
FoolishCoast@yahoo.com,FoolishCoast,ByjZ+6263@S,standard,2022-12-28 00:38:58,active,Quilt health fancy border thankful idea worrisome lawyer. Activity ashamed encouraging cloth pleasant grumpy.
NervousCracker@yahoo.com,NervousCracker,HenN*882?M,standard,2021-06-07 03:42:13,active,Calm hydrant gate picture lace awful coast sore. Ocean charming breakable awful rainstorm sleet.
HilariousCable@yahoo.com,HilariousCable,QoiG+1762@E,standard,2020-10-26 22:25:37,active,Wilderness mailbox geese wandering talented magic thrill better. Embarrassed bored army delightful glorious thoughtless.
PerfectCactus@yahoo.com,PerfectCactus,SlgM+5261?T,admin,2021-11-25 18:19:32,active,Eager weary cast throne foolish marble basket lettuce. Fruit aggressive channel daughter pear yellow.
CarefulFurniture@gmail.com,CarefulFurniture,DoyZ*5136?R,standard,2023-04-21 05:48:45,active,Faithful quaint uptight easy cemetery nasty handsome beetle. Awful precious hydrant elegant quicksand innocent.
ModernReward@gmail.com,ModernReward,YfkO*9781@R,standard,2021-04-19 01:57:19,active,Annoying joyous mushy faithful partner guitar jellyfish defeated. Channel throne turkey brainy bucket vegetable.
FrightenedLinen@gmail.com,FrightenedLinen,RpeE+912@Q,standard,2023-11-18 02:09:03,active,Cautious scary thrill dead joyous silly terrible money. Dizzy lamp army wren cruel obedient.
DefeatedWrench@gmail.com,DefeatedWrench,FxgL+8617?O,standard,2023-05-07 21:37:46,active,Cemetery health lawyer average tender disturbed feast awful. Wandering careful pail clean stormy alive.
BloodyEarthquake@yahoo.com,BloodyEarthquake,VsiL+1672@D,standard,2022-08-08 04:21:04,active,Awful green creepy station beggar modern poor reward. Friendly curious crazy gorgeous rich brain.
LonelyToothbrush@gmail.com,LonelyToothbrush,BlzT*4229@R,standard,2023-03-02 23:56:49,active,Brainy wood amused obnoxious strange better tired perfect. Volleyball stupid curious fierce unsightly talented.
LongGalley@gmail.com,LongGalley,DpwQ+7858?A,admin,2023-07-10 08:53:13,active,Doubtful cactus funny smoggy light tame thread hobbies. Mitten panicky friction scale grieving face.
TenseGlove@yahoo.com,TenseGlove,AmpW*1171@N,standard,2021-10-25 09:40:16,active,Coach pleasure glorious nervous hungry important visitor cloudy. Cactus motionless grieving butter feather governor.
LazyHope@gmail.com,LazyHope,OytG+3473@A,standard,2023-05-22 17:37:48,active,Patch stage calm lawyer arrogant dangerous worried popcorn. Upset seashore fantastic volcano rifle mountain.
BrainyHydrant@yahoo.com,BrainyHydrant,FkvR+1516@T,standard,2020-11-12 05:46:30,banned,Veil boat stupid cobweb sweater seashore mountain disturbed. Boat marble excited icicle apple nutty.
PuzzledCloth@yahoo.com,PuzzledCloth,VrfE+5801?X,standard,2022-05-04 03:08:17,active,Number anger cannon fine stupid marble pear angry. Throne wren pollution mailbox dead earthquake.
ConfusedAirplane@yahoo.com,ConfusedAirplane,KnhL+5707?D,standard,2021-07-28 14:12:32,active,Pocket innocent cemetery territory frantic foolish stormy thoughtful. Fruit thrill coast oatmeal afternoon bright.
InnocentVeil@yahoo.com,InnocentVeil,GexN+6763?T,standard,2023-05-27 01:29:20,restricted,Relieved mitten motionless mitten innocent fair healthy open. Quaint cellar ladybug cute frightened wicked.
HungryPollution@gmail.com,HungryPollution,QakI*3076?Q,standard,2021-04-05 22:22:18,active,Calendar faithful idea outstanding haircut kitten zany sleet. Throne guide light coil zany light.
AmusedCarpenter@yahoo.com,AmusedCarpenter,VwsW*4493?V,standard,2022-10-26 10:35:45,active,Beetle adventurous nutty quilt delightful smoggy magnificent cabbage. Title face flavor recess stream sleepy.
HilariousBirthday@yahoo.com,HilariousBirthday,EepM+1594@V,standard,2022-07-03 15:45:32,active,Frame jellyfish charming outstanding fireman twig inexpensive basket. Zealous visitor year creator unusual lawyer.
FamousArithmetic@yahoo.com,FamousArithmetic,CmbK*1716@V,standard,2023-03-20 18:45:42,restricted,Geese coach breakable governor super feast cabbage north. Proud birthday pancake answer nice tasty.
PanickyDemon@yahoo.com,PanickyDemon,SekM*5673?I,standard,2020-10-29 23:00:08,active,Clumsy idea happy vast bad elated battle hurt. Cannon poised cream unusual unsightly horrible.
FriendlyTitle@yahoo.com,FriendlyTitle,KwnD*7929?I,standard,2020-11-24 04:06:45,active,Donkey joyous dizzy grass language grotesque badge weather. Giraffe puzzled linen language faucet jolly.
CautiousStream@gmail.com,CautiousStream,QkpC*4935@X,standard,2021-10-28 20:48:19,active,Comfortable cattle flock black scene fancy locket defeated. Stormy bright number glove glorious tense.
AlertTemper@gmail.com,AlertTemper,RuoL+8028?H,standard,2020-04-18 00:02:50,active,Fifth puzzled marble title fuel vast coach tame. Vivacious basket calm railway linen elated.
UnsightlyIcicle@gmail.com,UnsightlyIcicle,JscV*1248?N,admin,2020-06-16 21:08:40,active,Volleyball pollution coast ugliest pollution vacation bushes ugliest. Pear unsightly station plastic cave governor.
DeadHot@gmail.com,DeadHot,ZdpL+1265?N,standard,2022-08-11 07:21:52,active,Beef rainstorm itchy suit friction suit embarrassed lucky. Cherries unsightly beggar handsome glove holiday.
ElatedFace@gmail.com,ElatedFace,SsgQ+8055@R,standard,2022-10-14 21:27:02,active,Cloudy average outstanding sidewalk cast pleasant clever goldfish. Feast anger prickly unusual patch rifle.
EmbarrassedJeans@yahoo.com,EmbarrassedJeans,ChrA+9761@W,standard,2023-05-18 04:47:59,active,Popcorn witty apparel believe vast magic cherry boy. Envious ghost dull ghost fancy cannon.
VictoriousCable@gmail.com,VictoriousCable,KkwZ+8531@L,admin,2022-05-18 20:39:59,active,Quilt breakfast naughty bewildered victorious stranger friction bright. Magic helpful obnoxious sidewalk nervous outrageous.
BeautifulGhost@yahoo.com,BeautifulGhost,JleN*9423@E,standard,2020-03-25 08:13:50,active,Scene sidewalk hobbies airport number enthusiastic faithful hurt. Drab glamorous glove railway breakable police.
AverageAnswer@yahoo.com,AverageAnswer,FwfT*3395?D,standard,2020-04-12 09:03:00,active,Long flavor creature impossible magnificent number flock weather. Apparel creature toothpaste feast caption rifle.
AgreeableBelieve@yahoo.com,AgreeableBelieve,XmiO*9605?Z,standard,2022-11-25 22:25:26,active,Oatmeal activity mailbox finger unsightly bubble sleepy nervous. Actor disturbed channel finger vacation rainstorm.
MistyMusic@yahoo.com,MistyMusic,OtmL+3486@H,standard,2023-10-12 20:47:23,active,Calm hilarious nutty precious creature exuberant kind cattle. Gorgeous smiling attractive celery rifle cast.
ElatedMountain@gmail.com,ElatedMountain,WnzH*6766@Z,standard,2022-10-15 15:56:05,active,Crazy uninterested tasty calculator precious dangerous minister glove. Splendid cute obnoxious obnoxious thankful strange.
DisgustedDrug@gmail.com,DisgustedDrug,PxyO+7456@S,standard,2023-05-13 15:05:36,restricted,Cave powerful bloody fireman grumpy jello glue fragile. Boat precious volcano vast furniture puzzled.
BreakableAfterthought@yahoo.com,BreakableAfterthought,RreO+3542@C,standard,2021-11-08 10:34:42,active,Dinner education lucky disgusted jeans coast cabbage glorious. Precious grumpy jealous badge pollution curious.
HealthyCreature@yahoo.com,HealthyCreature,EmlY*9559@T,standard,2023-06-01 18:54:04,active,Holiday creepy encouraging wealth magic fantastic elbow funny. Ugly answer repulsive relieved ugly plane.
SillyDinner@gmail.com,SillyDinner,TspK+4354@B,standard,2021-10-23 08:22:07,active,Education cannon income afternoon basketball popcorn advice badge. Fifth scarf wilderness cactus kitten super.
